Sandalia de hombre Nike,solarsoft thong,La mejor calidad y tecnología son el secreto para desarrollar al máximo tu potencial interno. ,pen,99.00,Sandalias,"Negro,Rojo","40,41,42",Sintetico
Sandalia de hombre Reef,chipper,La mejor calidad y tecnología son el secreto para desarrollar al máximo tu potencial interno. ,pen,59.90,Sandalias,Rojo,"39,40,41",Sintetico
Sandalia de hombre Reef,switchfoott pr,La mejor calidad y tecnología son el secreto para desarrollar al máximo tu potencial interno. ,pen,59.90,Sandalias,"Negro,Gris","38,39,40,41,42",Cuero
Mocasin de Hombre Fiobenni,ts9252,La mejor calidad y tecnología son el secreto para desarrollar al máximo tu potencial interno. ,pen,179.90,Mocasines,Marron,"38,39,40,41,42",Cuero
Mocasin de Hombre Fiobenni,ts9050,La mejor calidad y tecnología son el secreto para desarrollar al máximo tu potencial interno. ,pen,179.90,Mocasines,Negro,"38,39,40,41,42",Cuero
Mocasin de Hombre Fiobenni,CF852,La mejor calidad y tecnología son el secreto para desarrollar al máximo tu potencial interno. ,pen,169.90,Mocasines,Negro,"38,39,40,41,42",Cuero
Zapato de Hombre Calimod,5s007,La mejor calidad y tecnología son el secreto para desarrollar al máximo tu potencial interno. ,pen,259.90,Casual,Beige,"38,39,40,41,42",Sintetico
Zapato de Hombre Hanover,7357,La mejor calidad y tecnología son el secreto para desarrollar al máximo tu potencial interno. ,pen,189.00,Casual,Acero,"38,39,40,41,42",Cuero
Zapato de Hombre Activa,cpt01,La mejor calidad y tecnología son el secreto para desarrollar al máximo tu potencial interno. ,pen,359.00,Casual,"Marron,Azul","38,39,40,41,42",Cuero
Casaca de Hombre Dunkelolk,Acid,La mejor calidad y tecnología son el secreto para desarrollar al máximo tu potencial interno. ,pen,299.00,Casacas,Negro,"S,M,L",Textil
Casaca de Hombre Dunkelolk,Wayra,La mejor calidad y tecnología son el secreto para desarrollar al máximo tu potencial interno. ,pen,179.00,Casacas,Azul,"S,M,L",Textil
Casaca de Hombre Converse,CONS CORE S PO,La mejor calidad y tecnología son el secreto para desarrollar al máximo tu potencial interno. ,pen,169.00,Casacas,Gris,"S,M,L",Textil
Camisa de Hombre Dunkelvolk,PARAYAN,La mejor calidad y tecnología son el secreto para desarrollar al máximo tu potencial interno. ,pen,149.00,Camisas,Negro,"S,M,L",Textil
Camisa de Hombre Dunkelvolk,SPIKE,La mejor calidad y tecnología son el secreto para desarrollar al máximo tu potencial interno. ,pen,139.00,Camisas,Celeste,"S,M,L",Textil
Camisa de Hombre Dunkelvolk,OLUKAI,La mejor calidad y tecnología son el secreto para desarrollar al máximo tu potencial interno. ,pen,149.00,Camisas,Verde,"S,M,L",Textil
Buzo de Hombre Reebook,TS TECH WOV,La mejor calidad y tecnología son el secreto para desarrollar al máximo tu potencial interno. ,pen,239.00,Buzos,Negro,"S,M,L,XL",Textil
Buzo de Hombre Adidas,M KN TS 1,La mejor calidad y tecnología son el secreto para desarrollar al máximo tu potencial interno. ,pen,179.00,Buzos,Azul,"S,M,L,XL",Textil
Buzo de Hombre Umbro,ETERNAL  WOV SUIT,La mejor calidad y tecnología son el secreto para desarrollar al máximo tu potencial interno. ,pen,199.00,Buzos,Negro,"S,M,L,XL",Textil
